date,tweet,urls
2024-11-06 05:00:00,Laycon is bringing the entertainment we need! Love it! #BBNaija,https://twitter.com/user21/status/1234567890123466561
2024-11-04 11:00:00,I'm not feeling Laycon anymore #BBNaija,https://twitter.com/user31/status/1234567890123461413
2024-11-02 07:00:00,Laycon is the best housemate this season! Love them so much! ðŸ’• #BBNaija,https://twitter.com/user4/status/1234567890123466072
2024-11-03 17:00:00,Laycon participated in tonight's task #BBNaija,https://twitter.com/user36/status/1234567890123458013
2024-11-03 22:00:00,Give Laycon the grand prize already! They earned it! ðŸ‘‘ #BBNaija,https://twitter.com/user20/status/1234567890123458978
2024-11-02 07:00:00,Nobody can beat Laycon! They're playing the game perfectly! #BBNaija,https://twitter.com/user29/status/1234567890123466648
2024-11-01 12:00:00,I'm so proud of Laycon! They've grown so much! #BBNaija #TeamLaycon,https://twitter.com/user13/status/1234567890123459093
2024-11-06 17:00:00,Give Laycon the grand prize already! They earned it! ðŸ‘‘ #BBNaija,https://twitter.com/user2/status/1234567890123459215
2024-11-01 05:00:00,Everyone should vote for Laycon! They're the real deal! #BBNaija,https://twitter.com/user8/status/1234567890123464721
2024-11-06 15:00:00,Laycon just showed why they're a winner! ðŸ”¥ #BBNaija,https://twitter.com/user27/status/1234567890123464298
2024-11-02 05:00:00,Laycon is the most deserving housemate! No cap! #BBNaija #VoteLaycon,https://twitter.com/user22/status/1234567890123465384
2024-11-01 03:00:00,Laycon is losing my vote with this attitude #BBNaija,https://twitter.com/user33/status/1234567890123460326
2024-11-01 06:00:00,Nobody can beat Laycon! They're playing the game perfectly! #BBNaija,https://twitter.com/user26/status/1234567890123462970
2024-11-04 20:00:00,Nobody can beat Laycon! They're playing the game perfectly! #BBNaija,https://twitter.com/user18/status/1234567890123463784
2024-11-03 20:00:00,I'm so proud of Laycon! They've grown so much! #BBNaija #TeamLaycon,https://twitter.com/user14/status/1234567890123463728
2024-11-06 14:00:00,The way Laycon handled that situation was perfect! #BBNaija,https://twitter.com/user28/status/1234567890123460157
2024-11-02 04:00:00,Laycon just showed why they're a winner! ðŸ”¥ #BBNaija,https://twitter.com/user1/status/1234567890123459469
2024-11-02 14:00:00,Team Laycon all the way! Let's get them to the finals! ðŸ’ª #BBNaija,https://twitter.com/user7/status/1234567890123462353
2024-11-06 13:00:00,Laycon had a conversation with another housemate #BBNaija,https://twitter.com/user34/status/1234567890123458863
2024-11-01 09:00:00,Let's see what Laycon does next #BBNaija,https://twitter.com/user38/status/1234567890123464950
2024-11-04 01:00:00,Laycon is bringing the entertainment we need! Love it! #BBNaija,https://twitter.com/user3/status/1234567890123458280
2024-11-01 10:00:00,Laycon has my full support! Let's do this! ðŸ’¯ #BBNaija #TeamLaycon,https://twitter.com/user25/status/1234567890123464386
2024-11-02 22:00:00,Laycon is bringing the entertainment we need! Love it! #BBNaija,https://twitter.com/user15/status/1234567890123458943
2024-11-03 03:00:00,Everyone should vote for Laycon! They're the real deal! #BBNaija,https://twitter.com/user10/status/1234567890123459318
2024-11-04 19:00:00,Laycon is in the diary room #BBNaija,https://twitter.com/user35/status/1234567890123465492
2024-11-01 00:00:00,Give Laycon the grand prize already! They earned it! ðŸ‘‘ #BBNaija,https://twitter.com/user0/status/1234567890123462295
2024-11-06 07:00:00,I'm voting for Laycon! They deserve to win! #BBNaija #VoteLaycon,https://twitter.com/user16/status/1234567890123462546
2024-11-06 18:00:00,Laycon is being too fake for my liking #BBNaija,https://twitter.com/user30/status/1234567890123464838
2024-11-02 03:00:00,Laycon is the best housemate this season! Love them so much! ðŸ’• #BBNaija,https://twitter.com/user17/status/1234567890123464033
2024-11-01 17:00:00,Laycon is bringing the entertainment we need! Love it! #BBNaija,https://twitter.com/user5/status/1234567890123461051
2024-11-03 01:00:00,Give Laycon the grand prize already! They earned it! ðŸ‘‘ #BBNaija,https://twitter.com/user24/status/1234567890123461565
2024-11-03 20:00:00,Team Laycon all the way! Let's get them to the finals! ðŸ’ª #BBNaija,https://twitter.com/user23/status/1234567890123461410
2024-11-03 04:00:00,Laycon is so genuine and authentic! We love you! #BBNaija #VoteLaycon,https://twitter.com/user9/status/1234567890123461325
2024-11-03 01:00:00,Laycon is bringing the entertainment we need! Love it! #BBNaija,https://twitter.com/user12/status/1234567890123465328
2024-11-06 17:00:00,Watching Laycon on tonight's episode #BBNaija,https://twitter.com/user37/status/1234567890123462197
2024-11-03 11:00:00,Can't stop watching Laycon! Such amazing energy! #BBNaija #TeamLaycon,https://twitter.com/user19/status/1234567890123461240
2024-11-06 22:00:00,Laycon is the most deserving housemate! No cap! #BBNaija #VoteLaycon,https://twitter.com/user6/status/1234567890123466723
2024-11-04 00:00:00,Laycon had a conversation with another housemate #BBNaija,https://twitter.com/user39/status/1234567890123462143
2024-11-01 11:00:00,Team Laycon all the way! Let's get them to the finals! ðŸ’ª #BBNaija,https://twitter.com/user11/status/1234567890123463435
2024-11-05 15:00:00,Laycon needs to step up their game or leave #BBNaija,https://twitter.com/user32/status/1234567890123459310
